-- phpMyAdmin SQL Dump
-- version 4.4.7
-- http://www.phpmyadmin.net
--
-- Host: localhost
-- Generation Time: Jun 07, 2015 at 11:56 PM
-- Server version: 5.6.24
-- PHP Version: 5.6.8

SET SQL_MODE = "NO_AUTO_VALUE_ON_ZERO";
SET time_zone = "+00:00";


/*!40101 SET @OLD_CHARACTER_SET_CLIENT=@@CHARACTER_SET_CLIENT */;
/*!40101 SET @OLD_CHARACTER_SET_RESULTS=@@CHARACTER_SET_RESULTS */;
/*!40101 SET @OLD_COLLATION_CONNECTION=@@COLLATION_CONNECTION */;
/*!40101 SET NAMES utf8 */;

--
-- Database: `Trivia`
--
DROP DATABASE `Trivia`;
CREATE DATABASE IF NOT EXISTS `Trivia` DEFAULT CHARACTER SET utf8 COLLATE utf8_general_ci;
USE `Trivia`;

-- --------------------------------------------------------

--
-- Table structure for table `highscore`
--
-- Creation: Jun 07, 2015 at 09:54 PM
--

CREATE TABLE IF NOT EXISTS `highscore` (
  `HighScore` int(25) NOT NULL DEFAULT '0',
  `UserName` varchar(60) DEFAULT NULL,
  `Date` datetime NOT NULL
) ENGINE=InnoDB DEFAULT CHARSET=utf8;

--
-- RELATIONS FOR TABLE `highscore`:
--

-- --------------------------------------------------------

--
-- Table structure for table `question`
--
-- Creation: Jun 07, 2015 at 09:54 PM
--

CREATE TABLE IF NOT EXISTS `question` (
  `QuestionId` int(25) NOT NULL,
  `Question` varchar(255) DEFAULT NULL,
  `GameType` varchar(255) NOT NULL,
  `Difficulty` varchar(255) NOT NULL
) ENGINE=InnoDB AUTO_INCREMENT=224 DEFAULT CHARSET=utf8;

--
-- RELATIONS FOR TABLE `question`:
--

--
-- Dumping data for table `question`
--

INSERT INTO `question` (`QuestionId`, `Question`, `GameType`, `Difficulty`) VALUES
(1, 'Wanneer begon de Eerste Wereldoorlog?', 'MultipleChoice', 'Easy'),
(2, 'Welk land won het WK voetbal 2014?', 'MultipleChoice', 'Easy'),
(3, 'Wat is de moderne naam van het vroegere “Caledonia”?', 'MultipleChoice', 'Hard'),
(4, 'Voor welk scheikundig element staat het symbool Cu?', 'MultipleChoice', 'Hard'),
(5, 'Wie staat er met zijn makkers in brons vereeuwigd buiten het kasteel van Nottingham in Engeland?', 'MultipleChoice', 'Hard'),
(6, 'In welk jaar kreeg Moeder Theresa de Nobelprijs voor de Vrede?', 'MultipleChoice', 'Hard'),
(7, 'Wie was de langst zittende premier van Nederland?', 'MultipleChoice', 'Easy'),
(8, 'Wat is de naam van het legendarische monster dat half mens, half stier was en door Theseus werd gedood?', 'MultipleChoice', 'Easy'),
(9, 'In welk jaar was de eerste Elfstedentocht?', 'MultipleChoice', 'Easy'),
(10, 'Waar is iemand die lijdt aan xenofobie bang voor?', 'MultipleChoice', 'Hard'),
(11, 'Welke Amerikaanse president besloot tot het inzetten van de atoombom tegen Japan?', 'MultipleChoice', 'Hard'),
(12, 'Wie bevrijdde Cuba in 1959 van de corrupte dictator Batista?', 'MultipleChoice', 'Hard'),
(13, 'Welk land is geen onderdeel van Scandinavië?', 'MultipleChoice', 'Easy'),
(14, 'Wat is de hoofdstad van Turkije?', 'MultipleChoice', 'Easy'),
(15, 'Welke kleur hebben de smurfen?', 'MultipleChoice', 'Easy'),
(16, 'In welk jaar stierf Elvis Presley?', 'MultipleChoice', 'Hard'),
(17, 'Hoeveel seconden zitten er in 2 uur?', 'MultipleChoice', 'Easy'),
(18, 'Wat is de hoofdstad van Frankrijk?', 'MultipleChoice', 'Easy'),
(19, 'Hoeveel chromosomen heeft een mens?', 'MultipleChoice', 'Hard'),
(20, 'Hoeveel bulten heeft een dromedaris?', 'MultipleChoice', 'Easy'),
(21, 'In welk jaar werd Willem van Oranje gedood?', 'MultipleChoice', 'Hard'),
(22, 'In welk jaartal won Feyenoord Rotterdam voor het laatst de landstitel?', 'MultipleChoice', 'Easy'),
(23, 'Hoeveel poten heeft een spin?', 'MultipleChoice', 'Easy'),
(24, 'Wat is de grootste planeet van ons zonnestelsel?', 'MultipleChoice', 'Easy'),
(25, 'Uit welk land komt de DJ Armin van Buuren?', 'MultipleChoice', 'Easy'),
(26, 'Hoeveel milligram is 1 kilogram?', 'MultipleChoice', 'Easy'),
(27, 'Welke datum is Valentijnsdag?', 'MultipleChoice', 'Easy'),
(28, 'Welke datum is de Tweede Kerstdag?', 'MultipleChoice', 'Easy'),
(29, 'Wat betekent de afkorting "GUI"?', 'MultipleChoice', 'Hard'),
(30, 'Wat is de voornaam van tekenfiguur Homer Simpson zijn zoon?', 'MultipleChoice', 'Easy'),
(31, 'Hoeveel minuten duurt een hele voetbal wedstrijd?', 'MultipleChoice', 'Easy'),
(32, 'Hoe heet de hoogste berg van Afrika?', 'MultipleChoice', 'Easy'),
(33, 'Hoeveel is 156+37?', 'MultipleChoice', 'Easy'),
(34, 'Waar staat de afkorting van supermarkt AH voor?', 'MultipleChoice', 'Easy'),
(35, 'Hoe groot is de Atlantische oceaan? ', 'MultipleChoice', 'Hard'),
(36, 'Wat is het diepste punt in de Atlantische Oceaan?', 'MultipleChoice', 'Hard'),
(37, 'Wat is het oppervlakte van Antarctica (de Zuidpool)?', 'MultipleChoice', 'Hard'),
(38, 'Wat is het Nederlandse alarmnummer?', 'MultipleChoice', 'Easy'),
(39, 'Met welk bestek eet men normaliter soep?', 'MultipleChoice', 'Easy'),
(40, 'Wat is de helderste stad op aarde vanuit de ruimte?', 'MultipleChoice', 'Easy'),
(41, 'Hoeveel teams bevat de Nederlandse Eredivisie Voetbal?', 'MultipleChoice', 'Hard'),
(42, 'In welke provincie bevindt Leeuwarden zich?', 'MultipleChoice', 'Easy'),
(43, 'De moeder van de moeder van jouw moeder is je...?', 'MultipleChoice', 'Easy'),
(44, 'Welke kleur krijg je als je blauw en geel bij elkaar voegt?', 'MultipleChoice', 'Easy'),
(45, 'Wat is het getal 12 in Romeinse cijfers?', 'MultipleChoice', 'Easy'),
(46, 'Welke twee maanden zijn vernoemd naar Romeinse keizers?', 'MultipleChoice', 'Easy'),
(47, 'In welk jaar begon de Franse revolutie?', 'MultipleChoice', 'Hard'),
(48, 'In welk land eet men paella?', 'MultipleChoice', 'Easy'),
(49, 'Wat is een bekende Griekse sterke anijsdrank?', 'MultipleChoice', 'Easy'),
(50, 'Bij welk Europees land hoort het eiland Corsica?', 'MultipleChoice', 'Easy'),
(51, 'Bij welk Europees land hoort het eiland Sicilië?', 'MultipleChoice', 'Easy'),
(52, 'Waar dacht Christoffel Columbus dat hij was toen hij in 1492 Amerika ontdekte?', 'MultipleChoice', 'Easy'),
(53, 'Wie beschilderde de tombe van de St. Peter Basilica in Vaticaan Stad?', 'MultipleChoice', 'Easy'),
(54, 'In welke Spaanse stad staat de Sagrada Familia?', 'MultipleChoice', 'Easy'),
(55, 'Hoe heet het meest zuidelijke land van Afrika?', 'MultipleChoice', 'Easy'),
(56, 'Wie was de uitvinder van de gloeilamp?', 'MultipleChoice', 'Hard'),
(57, 'Uit welk land komt het pittabroodje oorspronkelijk?', 'MultipleChoice', 'Easy'),
(58, 'Hoeveel tanden heeft een volwassen mens normaal?', 'MultipleChoice', 'Hard'),
(59, 'In welk jaar werd de Berlijnse muur vernield?', 'MultipleChoice', 'Easy'),
(60, 'Welke Nederlandse voetbalclub won in 1995 de Champions League?', 'MultipleChoice', 'Easy'),
(61, 'Hoelang duurt een hele Hockeywedstrijd?', 'MultipleChoice', 'Hard'),
(62, 'In welk jaar werd Italië een republiek?', 'MultipleChoice', 'Hard'),
(63, 'Op welke datum wordt in Frankrijk de "bestorming van de Bastille" gevierd?', 'MultipleChoice', 'Hard'),
(64, 'Van welk land is het "Klavertje Vier" het symbool?', 'MultipleChoice', 'Easy'),
(65, 'Wat is de hoofdstad van Finland?', 'MultipleChoice', 'Easy'),
(66, 'Welk land ligt er tussen Frankrijk en Spanje?', 'MultipleChoice', 'Easy'),
(67, 'Uit hoeveel eilanden bestaan de Nederlandse waddeneilanden?', 'MultipleChoice', 'Easy'),
(68, 'Welke Europese hoofdstad heeft als bijnaam "de eeuwige stad"?', 'MultipleChoice', 'Easy'),
(69, 'Wat doet een inktvis als hij honger heeft?', 'MultipleChoice', 'Hard'),
(70, 'Uit hoeveel ringen bestaat het symbool van de Olympische Spelen?', 'MultipleChoice', 'Hard'),
(71, 'Hoeveel ogen heeft een dobbelsteen?', 'MultipleChoice', 'Easy'),
(72, 'Wat is er zo speciaal aan een kameleon?', 'MultipleChoice', 'Easy'),
(73, 'Hoeveel zintuigen heeft de mens?', 'MultipleChoice', 'Easy'),
(74, 'Wat is de Engelse benaming voor producten die niet eetbaar zijn?', 'MultipleChoice', 'Easy'),
(75, 'Van welk woord is het woord “gel” afgeleid?', 'MultipleChoice', 'Easy'),
(76, 'In welk jaar werd de Euro ingevoerd?', 'MultipleChoice', 'Easy'),
(77, 'Hoe hoog is het Empire State Building?', 'MultipleChoice', 'Hard'),
(78, 'Hoe hoog is het puntje van de Eiffeltoren?', 'MultipleChoice', 'Hard'),
(79, 'Wat is het hoogste gebouw in de wereld (828 meter)?', 'MultipleChoice', 'Hard'),
(80, 'Hoelang geleden werd de eerste piramide gebouwd?', 'MultipleChoice', 'Hard'),
(81, 'In welk lichaamsdeel zit de meniscus?', 'MultipleChoice', 'Easy'),
(82, 'Wat is Somnifobie?', 'MultipleChoice', 'Hard'),
(83, 'Waar houdt een podoloog zich mee bezig?', 'MultipleChoice', 'Hard'),
(84, 'Welke kleur heeft de huid van een ijsbeer?', 'MultipleChoice', 'Hard'),
(85, 'Hoeveel kippen zijn er ongeveer op aarde?', 'MultipleChoice', 'Hard'),
(86, 'Wat is een dikdik?', 'MultipleChoice', 'Hard'),
(87, 'Welk beest bijt het hardst van alle roofdieren op aarde?', 'MultipleChoice', 'Hard'),
(88, 'Wie was de Nederlandse inzending op het Eurovisiesongfestival 2014?', 'MultipleChoice', 'Easy'),
(89, 'Welke Italiaanse voetbalclub wordt vergeleken met een oude dame?', 'MultipleChoice', 'Hard'),
(90, 'Wat is de grootste provincie van Nederland?', 'MultipleChoice', 'Easy'),
(91, 'Welk nationaal voetbalelftal wort ook wel de "Rode Duivels" genoemd?', 'MultipleChoice', 'Easy'),
(92, 'Hoe heette het Amsterdamse museum NEMO voor 2000?', 'MultipleChoice', 'Hard'),
(93, 'Welke sport staat centraal in de film Black Swan?', 'MultipleChoice', 'Easy'),
(94, 'Hoe heet in bowling jargon als je twee maal achter elkaar in 1 beurt 0 kegels omgooit?', 'MultipleChoice', 'Easy'),
(95, 'Welke sport betekend in het Japans “zachte weg”?', 'MultipleChoice', 'Hard'),
(96, 'Sinds welk jaar is ijshockey een Olympische sport?', 'MultipleChoice', 'Hard'),
(97, 'Wie heeft de Mona Lisa geschilderd?', 'MultipleChoice', 'Easy'),
(98, 'Wat is het dichts beboste land ter wereld?', 'MultipleChoice', 'Hard'),
(99, 'Wat was de eerste sociale wet?', 'MultipleChoice', 'Hard'),
(100, 'Aan welke rivier ligt de Franse stad Bordeaux?', 'MultipleChoice', 'Hard'),
(101, 'Wat is de hoogst gelegen hoofdstad van Europa?', 'MultipleChoice', 'Hard'),
(102, 'In welke stad brandde het Olympische vuur voor het eerst?', 'MultipleChoice', 'Hard'),
(103, 'Hoe hoog is het Vrijheidsbeeld (exclusief de sokkel)?', 'MultipleChoice', 'Hard'),
(104, 'Wat is de verzamelnaam voor populaire muziek?', 'MultipleChoice', 'Easy'),
(105, 'Hoe hoog mag een vrachtwagen maximaal zijn?', 'MultipleChoice', 'Hard'),
(106, 'Waar staat de afkorting HvA voor?', 'MultipleChoice', 'Easy'),
(107, 'Vanaf welke snelheid wordt er gesproken van een hogesnelheidstrein?', 'MultipleChoice', 'Hard'),
(108, 'In welk jaar werd de eerste helikoptervlucht gemaakt?', 'MultipleChoice', 'Hard'),
(109, 'Wat is de echte voornaam van zangeres Rihanna?', 'MultipleChoice', 'Hard'),
(110, 'Hoelang is de Polderbaan, de langste start- en landingsbaan op Schiphol?', 'MultipleChoice', 'Hard'),
(111, 'Hoe heet iemand die zonder toestemming van de eigenaar in een leegstaand huis gaat wonen?', 'MultipleChoice', 'Easy'),
(112, 'Wat is de zoon van jouw tante van jou?', 'MultipleChoice', 'Easy'),
(113, 'Wat is zwaarder?', 'MultipleChoice', 'Hard'),
(114, 'Wat is een zevende deel van een week?', 'MultipleChoice', 'Easy'),
(115, 'Wat zijn waterlanders?', 'MultipleChoice', 'Hard'),
(116, 'Uit welk land is de Heilige Sint-Nicolaas oorspronkelijk afkomstig?', 'MultipleChoice', 'Hard'),
(117, 'Uit welk land komt de auto met de letters TR?', 'MultipleChoice', 'Easy'),
(118, 'Beton is een mengsel van?', 'MultipleChoice', 'Hard'),
(119, 'Wat hadden fietsen vroeger niet waardoor je steeds met je voeten de grond raakte?', 'MultipleChoice', 'Easy'),
(120, 'Van welke bloem werd in 1994 de 400ste verjaardag gevierd in Nederland?', 'MultipleChoice', 'Hard'),
(121, 'Welke schepsels uit de Scandinavische folklore versteenden als het daglicht op hen viel?', 'MultipleChoice', 'Hard'),
(122, 'Met welke drie letters wordt de Spaanse nationale tv-zender aangegeven?', 'MultipleChoice', 'Easy'),
(123, 'Hoeveel straten komen er bij de Arc de Triomphe uit?', 'MultipleChoice', 'Hard'),
(124, 'Welke lamp is de opvolger voor de gloeilamp?', 'MultipleChoice', 'Easy'),
(125, 'Welke kleur is de middelste kleur van een regenboog?', 'MultipleChoice', 'Hard'),
(126, 'Over wat gaat de langste reclamespot ter wereld?', 'MultipleChoice', 'Hard'),
(127, 'Wat is een docent?', 'MultipleChoice', 'Easy'),
(128, 'Wat zijn de eerste 3 priemgetallen?', 'MultipleChoice', 'Hard'),
(129, 'Hoeveel nullen heeft een biljoen?', 'MultipleChoice', 'Easy'),
(130, 'Met welke snelheid knip je je vingers?', 'MultipleChoice', 'Hard'),
(131, 'In welke show treden als vrouw verklede mannen op?', 'MultipleChoice', 'Easy'),
(132, 'Op de reeks vier, tien, achttien en achtentwintig volgt het cijfer?', 'MultipleChoice', 'Hard'),
(133, 'Hoeveel meter is 3 kilometer?', 'MultipleChoice', 'Easy'),
(134, 'Wat betekent de afkorting IR?', 'MultipleChoice', 'Easy'),
(135, 'In welk jaar werd de allereerste sms verstuurd?', 'MultipleChoice', 'Hard'),
(136, 'Wat betekent V.I.P.?', 'MultipleChoice', 'Hard'),
(137, 'Hoeveel tanden heeft een gewone vork?', 'MultipleChoice', 'Easy'),
(138, 'Wat kan je van een mug maken?', 'MultipleChoice', 'Easy'),
(139, 'Hoe noemt men een 70 jarig huwelijk?', 'MultipleChoice', 'Easy'),
(140, 'Wat is 13 in het kwadraat?', 'MultipleChoice', 'Hard'),
(141, 'Welke veel voorkomende gewone ziekte kan men gemakkelijk krijgen op de Noordpool?', 'MultipleChoice', 'Easy'),
(142, 'Hoe wordt motorrijtuigenbelasting vaak genoemd?', 'MultipleChoice', 'Easy'),
(143, 'Wat is ''s werelds bekendste kalmeringsmiddel?', 'MultipleChoice', 'Hard'),
(144, 'Wat is 83 x 3 + 21 ?', 'MultipleChoice', 'Hard'),
(145, 'Wat is het vijfde basisgebod van de islam, naast geloof in Allah en Mohammed, aalmoezen, een Mekkabedevaart en vijfmaal per dag bidden?', 'MultipleChoice', 'Hard'),
(146, 'Hoeveel motoren heeft een Boeing 737?', 'MultipleChoice', 'Hard'),
(147, 'Voor welk getaal staat het Romeinse ''cijfer'' X ? ', 'MultipleChoice', 'Easy'),
(148, 'Waar staat de afkorting SMS voor?', 'MultipleChoice', 'Hard'),
(149, 'Hoe wordt de engelse vlag nog genoemd', 'MultipleChoice', 'Easy'),
(150, 'Met wat reis je als je last hebt van zeeziekte?', 'MultipleChoice', 'Easy'),
(151, 'Wat is de wortel uit 121?', 'MultipleChoice', 'Hard'),
(152, 'Welke letter staat er links van de G op het toetsenbord?', 'MultipleChoice', 'Hard'),
(153, 'Met welk gas wordt een ballon opgeblazen die kan zweven?', 'MultipleChoice', 'Easy'),
(154, 'Welke letter staat er op de koud water kraan in Spanje?', 'MultipleChoice', 'Hard'),
(155, 'Hoe heet het diploma van bekwaamheid als piloot?', 'MultipleChoice', 'Hard'),
(156, 'Welk bekend kerstliedje is geschreven en gezongen door de Puertoricaan Jose Feliciano?', 'MultipleChoice', 'Hard'),
(157, 'Wat is een monarchie?', 'MultipleChoice', 'Hard'),
(158, 'Wat is de tegenhanger van gelijkspanning?', 'MultipleChoice', 'Easy'),
(159, 'Welk getal had volgens Adolf Hitler buitengewone krachten?', 'MultipleChoice', 'Hard'),
(160, 'Wat is het Hotel Dieu in Frankrijk?', 'MultipleChoice', 'Hard'),
(161, 'Hoe worden de verkeerslichten genoemd die de wachttijd aangeven?', 'MultipleChoice', 'Hard'),
(162, 'Wat is 40 procent van 40?', 'MultipleChoice', 'Hard'),
(163, 'Waarvoor staat de afkorting FM?', 'MultipleChoice', 'Hard'),
(164, 'Welke letter staat voor 1000?', 'MultipleChoice', 'Hard'),
(165, 'Van welk telefoonmerk was het razendpopulaire model 3310 ?', 'MultipleChoice', 'Easy'),
(166, 'Uit welk land komt Nokia?', 'MultipleChoice', 'Hard'),
(167, 'Wat is water in de scheikunde?', 'MultipleChoice', 'Easy'),
(168, 'Hoeveel minuten muziek konden er per kant op maximaal op een 12"" LP?', 'MultipleChoice', 'Easy'),
(169, 'Uit welke stad komt de Nederlandse zanger Jan Smit?', 'MultipleChoice', 'Easy'),
(170, 'Hoe zouden de afscheidsconcerten van Michael Jackson heten?', 'MultipleChoice', 'Easy'),
(171, 'Heeft de Europese vlag 25 sterren? ', 'TrueFalse', 'Easy'),
(172, 'Verandert iemands lichaamsgeur als hij stopt met roken?', 'TrueFalse', 'Hard'),
(173, 'Zitten er in één byte 8 bits?', 'TrueFalse', 'Easy'),
(174, 'Heeft Jean-Paul Sartre ooit de Nobelprijs afgewezen?', 'TrueFalse', 'Easy'),
(175, 'Is een krokodil groter dan een alligator?', 'TrueFalse', 'Easy'),
(176, 'Heeft een leeuwin manen?', 'TrueFalse', 'Hard'),
(177, 'Is een zeekomkommer een vis?', 'TrueFalse', 'Easy'),
(178, 'Heeft Guus Geluk altijd geluk?', 'TrueFalse', 'Hard'),
(179, 'Is een infectie een besmetting?', 'TrueFalse', 'Easy'),
(180, 'Is een rabbijn een soort diamant?', 'TrueFalse', 'Hard'),
(181, 'Is Amsterdam de hoofdstad van Noord-Holland?', 'TrueFalse', 'Easy'),
(182, 'Is Madrid de hoofdstad van Portugal?', 'TrueFalse', 'Easy'),
(183, 'Heeft de aarde 12 uur nodig om om haar as te draaien?', 'TrueFalse', 'Hard'),
(184, 'Heeft de maan kraters?', 'TrueFalse', 'Easy'),
(185, 'Is de raket door de Amerikanen uitgevonden?', 'TrueFalse', 'Easy'),
(186, 'Is Bert rood en Ernie geel?', 'TrueFalse', 'Easy'),
(187, 'Is krab een sterrenbeeld?', 'TrueFalse', 'Easy'),
(188, 'Is een panda een wasbeer?', 'TrueFalse', 'Easy'),
(189, 'Is een tarantula een wervelstorm?', 'TrueFalse', 'Easy'),
(190, 'Is een carnivoor een planteneter?', 'TrueFalse', 'Hard'),
(191, 'Is een zeekat een inktvis?', 'TrueFalse', 'Easy'),
(192, 'Is blauw de kleur van kobalt?', 'TrueFalse', 'Easy'),
(193, 'Is een rechte hoek 90 graden?', 'TrueFalse', 'Easy'),
(194, 'Is D het Romeinse cijfer voor 500?', 'TrueFalse', 'Hard'),
(195, 'Is de Sahara de grootste woestijn op de wereld?', 'TrueFalse', 'Easy'),
(196, 'Kijkt men met een microscoop naar de sterren?', 'TrueFalse', 'Easy'),
(197, 'Draagt Sinterklaas witte handschoenen?', 'TrueFalse', 'Easy'),
(198, 'Spreekt men in Zuid-Afrika Nederlands?', 'TrueFalse', 'Easy'),
(199, 'Moet je bij een ligfiets een bel hebben als je aan het verkeer deelneemt?', 'TrueFalse', 'Easy'),
(200, 'Is de pond meer waard dan de euro?', 'TrueFalse', 'Easy'),
(201, 'Betekent flexibel hetzelfde als buigzaam?', 'TrueFalse', 'Easy'),
(202, 'Staat de Mona Lisa in het Louvre?', 'TrueFalse', 'Easy'),
(203, 'Staat het Louvre museum in Parijs?', 'TrueFalse', 'Easy'),
(204, 'Is Picasso afkomstig uit Italië?', 'TrueFalse', 'Easy'),
(205, 'Ontstond de Renaissance in Italië?', 'TrueFalse', 'Easy'),
(206, 'Heeft kammen nog nut als je kaal bent?', 'TrueFalse', 'Easy'),
(207, 'Is de uitkomst van 15 kwadraat 225?', 'TrueFalse', 'Easy'),
(208, 'Kan een mens 1,5 liter speeksel per dag aanmaken?', 'TrueFalse', 'Easy'),
(209, 'Was de originele kleur van Coca-Cola groen?', 'TrueFalse', 'Easy'),
(210, 'Trok Napoleon zich terug uit Moskou in 1812?', 'TrueFalse', 'Easy'),
(211, 'Is de Nijl langer dan 5000 kilometer?', 'TrueFalse', 'Easy'),
(212, 'Is Antwerpen de oudste stad in België?', 'TrueFalse', 'Hard'),
(213, 'Worden er tot 400 meter bij het hardlopen startblokken gebruikt?', 'TrueFalse', 'Easy'),
(214, 'Behoort een spin tot de insecten?', 'TrueFalse', 'Easy'),
(215, 'Is Toronto de hoofdstad van Canada?', 'TrueFalse', 'Hard'),
(216, 'Is Warschau de hoofdstad van Tsjechië?', 'TrueFalse', 'Easy'),
(217, 'Is Vilnius de hoofdstad van Litouwen?', 'TrueFalse', 'Easy'),
(218, 'Is Peking de hoofdstad van China?', 'TrueFalse', 'Easy'),
(219, 'Wordt er in Zweden met de euro betaalt?', 'TrueFalse', 'Easy'),
(220, 'Is de Lilangeni een munteenheid?', 'TrueFalse', 'Easy'),
(221, 'Is kip een munteenheid?', 'TrueFalse', 'Hard'),
(222, 'Is big een munteenheid?', 'TrueFalse', 'Hard'),
(223, 'Wordt er in Zwitserland betaalt met de euro?', 'TrueFalse', 'Easy'),
(224, 'Wordt de bruinvis ook wel zeeluipaard genoemd?', 'TrueFalse', 'Hard'),
(225, 'Eet de plant zonnedauw insecten?', 'TrueFalse', 'Hard'),
(226, 'Behoort een kraai tot de zangvogels?', 'TrueFalse', 'Hard'),
(227, 'Graaft een haas holen?', 'TrueFalse', 'Hard'),
(228, 'Is een kikkerbeet een plant?', 'TrueFalse', 'Hard'),
(229, 'Is een brandzwam een bestaande zwamsoort?', 'TrueFalse', 'Hard'),
(230, 'Is de brandnetel giftig?', 'TrueFalse', 'Easy'),
(231, 'Is een draaihals een specht?', 'TrueFalse', 'Hard'),
(232, 'Kan een vlinder proeven met zijn poten?', 'TrueFalse', 'Hard'),
(233, 'Zijn er meer dan 100.000 soorten vlinders?', 'TrueFalse', 'Hard'),
(234, 'Graaft een mol zijn gangen met 6  km/uur?', 'TrueFalse', 'Hard'),
(235, 'Slaat bliksem nooit op dezelfde plaats in?', 'TrueFalse', 'Easy'),
(236, 'Kan een mens meer dan 1.000.000.000.000 geuren onderscheiden?', 'TrueFalse', 'Hard'),
(237, 'Kan het per hondenras verschillen hoeveel geurreceptoren een hond heeft?', 'TrueFalse', 'Easy'),
(238, 'Hebben volwassenen minder botten dan baby’s?', 'TrueFalse', 'Easy'),
(239, 'Heeft een goudvis een geheugen van maar 3 seconden?', 'TrueFalse', 'Easy'),
(240, 'Zijn er meer bacteriecellen in je lichaam dan eigen menselijke cellen? ?', 'TrueFalse', 'Hard'),
(241, 'Kan een mens tegelijk ademen en slikken?', 'TrueFalse', 'Easy'),
(242, 'Kan de Eiffeltoren groeien en krimpen?', 'TrueFalse', 'Easy'),
(243, 'Zit bijna een kwart van de botten van een mens in de voeten?', 'TrueFalse', 'Easy'),
(244, 'Heeft Mexico eerder onafhankelijkheid verkregen dan de Verenigde Staten?', 'TrueFalse', 'Hard'),
(245, 'Had Cleopatra een zoon met Julius Caesar?', 'TrueFalse', 'Easy'),
(246, 'Ontstonden de eerste zoogdieren meer dan 150 miljoen jaar geleden?', 'TrueFalse', 'Hard'),
(247, 'Kwam het tijdperk Perm na het tijdperk Cambrium?', 'TrueFalse', 'Hard'),
(248, 'Duurde de 100-jarige oorlog van 1337 tot 1437? ?', 'TrueFalse', 'Hard'),
(249, 'Duurde de Koude Oorlog van 1945-1989?', 'TrueFalse', 'Hard'),
(250, 'Is -40° Celsius ook -40° Fahrenheit?', 'TrueFalse', 'Hard'),
(251, 'Komt tien procent van het inkomen van de Russische overheid door de verkoop van vodka?', 'TrueFalse', 'Easy'),
(252, 'Kan een pinguïn vliegen?', 'TrueFalse', 'Easy'),
(253, 'Kan een krokodil zijn tong uitsteken?', 'TrueFalse', 'Easy'),
(254, 'Was oranje de originele kleur van Coca-Cola? ?', 'TrueFalse', 'Easy'),
(255, 'Kunnen alleen vrouwelijke muggen steken? ?', 'TrueFalse', 'Easy'),
(256, 'Kan een paard harder rennen dan een struisvogel?', 'TrueFalse', 'Easy'),
(257, 'Kan een slak 3 jaar slapen?', 'TrueFalse', 'Hard'),
(258, 'Behoort een koala tot de beren?', 'TrueFalse', 'Hard'),
(259, 'Heeft een mier 3 magen?', 'TrueFalse', 'Hard'),
(260, 'Kan een giraffe langer zonder water dan een kameel? ?', 'TrueFalse', 'Hard'),
(261, 'Heeft een zeester hersenen? ?', 'TrueFalse', 'Easy'),
(262, 'Kan een schildpad ademhalen door zijn kont? ?', 'TrueFalse', 'Hard'),
(263, 'Kan een zalm 2 meter hoog springen?', 'TrueFalse', 'Hard'),
(264, 'Bestaat een kwal voor 80% uit water?', 'TrueFalse', 'Easy'),
(265, 'Slaapt een paard staand?', 'TrueFalse', 'Easy'),
(266, 'Kan een mens in zijn hele leven tot 1000 kilometer aan haar groeien?', 'TrueFalse', 'Hard'),
(267, 'Stopt het menselijke brein met groeien als je 25 jaar oud bent?', 'TrueFalse', 'Hard'),
(268, 'Knippert een gemiddelde computergebruiker 20 keer per minuut?', 'TrueFalse', 'Hard'),
(269, 'Is het mogelijk voor een mens om zijn ogen open te houden tijdens het niezen?', 'TrueFalse', 'Easy'),
(270, 'Groeien vingernagels 1,5 keer zo snel als teennagels?', 'TrueFalse', 'Hard'),
(271, 'Waren wortels oorspronkelijk paars van kleur in plaats van oranje?', 'TrueFalse', 'Hard'),
(272, 'Is een kilo lood zwaarder dan een kilo beton?', 'TrueFalse', 'Easy'),
(273, 'Heeft een erwt maar 14 chromosomen?', 'TrueFalse', 'Hard'),
(274, 'Zinkt een ei als het rot is?', 'TrueFalse', 'Easy'),
(275, 'Is de reden dat melk wit is, omdat het een eiwit, Caseïne, bevat dat wit is?', 'TrueFalse', 'Hard'),
(276, 'Is er maar één metaal dat vloeibaar is bij kamertemperatuur?', 'TrueFalse', 'Hard'),
(277, 'Klopt deze rekensom : 111.111 x 111.111 = 12345654321?', 'TrueFalse', 'Hard'),
(278, 'Betraden Romeinen een huis altijd eerst met hun linker voet? ?', 'TrueFalse', 'Hard'),
(279, 'Is Taumatawhakatangihangakoauauotamateapokaiwhenuakitanatahu een bestaande plaatsnaam in Nieuw-Zeeland?', 'TrueFalse', 'Hard'),
(280, 'Is Krung Thep Mahanakhon Amon Rattanakosin Mahinthara Ayuthaya Mahadilok Phop Noppharat Ratchathani Burirom Udomratchaniwet Mahasathan Amon Piman Awatan Sathit Sakkathattiya Witsanukam Prasit de officiële naam van Bangkok?', 'TrueFalse', 'Hard'),
(281, 'Is er plaats in Schotland genaamd : Llanfairpwllgwyngyllgogerychwyrndrobwllllantysiliogogogoch?', 'TrueFalse', 'Hard'),
(282, 'Heeft de ‘Mona Lisa’ wenkbrauwen en wimpers?', 'TrueFalse', 'Easy');

-- --------------------------------------------------------

--
-- Table structure for table `rightanswer`
--
-- Creation: Jun 07, 2015 at 09:54 PM
--

CREATE TABLE IF NOT EXISTS `rightanswer` (
  `QuestionId` int(25) NOT NULL,
  `RightAnswerId` int(25) NOT NULL DEFAULT '0',
  `RightAnswer` varchar(255) DEFAULT NULL
) ENGINE=InnoDB AUTO_INCREMENT=224 DEFAULT CHARSET=utf8;

--
-- RELATIONS FOR TABLE `rightanswer`:
--   `QuestionId`
--       `question` -> `QuestionId`
--

--
-- Dumping data for table `rightanswer`
--

INSERT INTO `rightanswer` (`QuestionId`, `RightAnswerId`, `RightAnswer`) VALUES
(1, 1, '1914'),
(2, 2, 'Duitsland'),
(3, 3, 'Schotland'),
(4, 4, 'Koper'),
(5, 5, 'Robin Hood'),
(6, 6, '1979'),
(7, 7, 'Ruud Lubbers'),
(8, 8, 'Minotaurus'),
(9, 9, '1909'),
(10, 10, 'Vreemden, vreemdelingen'),
(11, 11, 'Harry Truman'),
(12, 12, 'Fidel Castro'),
(13, 13, 'Polen'),
(14, 14, 'Ankara'),
(15, 15, 'Blauw'),
(16, 16, '1977'),
(17, 17, '7200'),
(18, 18, 'Parijs'),
(19, 19, '46'),
(20, 20, 'één'),
(21, 21, '1584'),
(22, 22, '1999'),
(23, 23, '8'),
(24, 24, 'Jupiter'),
(25, 25, 'Nederland'),
(26, 26, '1.000.000'),
(27, 27, '14 februari'),
(28, 28, '26 december'),
(29, 29, 'Graphical User Interface'),
(30, 30, 'Bart'),
(31, 31, '90 minuten'),
(32, 32, 'Kilimanjaro'),
(33, 33, '193'),
(34, 34, 'Albert Heijn'),
(35, 35, 'ongeveer 100.000.000 km² '),
(36, 36, '± 8.648 meter'),
(37, 37, '14.000.000 km²'),
(38, 38, '112'),
(39, 39, 'Lepel'),
(40, 40, 'Las Vegas'),
(41, 41, '18'),
(42, 42, 'Friesland'),
(43, 43, 'Overgrootmoeder'),
(44, 44, 'Groen'),
(45, 45, 'XII'),
(46, 46, 'Juli en augustus'),
(47, 47, '1789'),
(48, 48, 'Spanje'),
(49, 49, 'Ouzo'),
(50, 50, 'Frankrijk'),
(51, 51, 'Italië'),
(52, 52, 'India'),
(53, 53, 'Michelangelo'),
(54, 54, 'Barcelona'),
(55, 55, 'Zuid Afrika'),
(56, 56, 'Thomas Edison'),
(57, 57, 'Griekenland'),
(58, 58, '32'),
(59, 59, '1989'),
(60, 60, 'Ajax'),
(61, 61, '70 minuten'),
(62, 62, '1946'),
(63, 63, '14 juli'),
(64, 64, 'Ierland'),
(65, 65, 'Helsinki'),
(66, 66, 'Andorra'),
(67, 67, '5'),
(68, 68, 'Rome'),
(69, 69, 'Zichzelf opeten'),
(70, 70, '5'),
(71, 71, '21'),
(72, 72, 'Hij kan van kleur veranderen'),
(73, 73, '5'),
(74, 74, 'Non-food'),
(75, 75, 'Gelatine'),
(76, 76, '2002'),
(77, 77, '381 meter'),
(78, 78, '324 meter'),
(79, 79, 'Burj Khalifa (Dubai)'),
(80, 80, '4500 jaar geleden'),
(81, 81, 'Knie'),
(82, 82, 'Angst voor slaap'),
(83, 83, 'Voeten'),
(84, 84, 'Zwart'),
(85, 85, '50 miljard'),
(86, 86, 'Antilope'),
(87, 87, 'Witte haai'),
(88, 88, 'The Common Linnets'),
(89, 89, 'Juventus'),
(90, 90, 'Gelderland'),
(91, 91, 'België'),
(92, 92, 'New Metropolis'),
(93, 93, 'Ballet'),
(94, 94, 'Gutterball'),
(95, 95, 'Judo'),
(96, 96, '1920'),
(97, 97, 'Leonardo da Vinci'),
(98, 98, 'Suriname'),
(99, 99, 'Kinderwetje van Van Houten'),
(100, 100, 'Garonne'),
(101, 101, 'Madrid'),
(102, 102, 'Amsterdam'),
(103, 103, '46 meter'),
(104, 104, 'Popmuziek'),
(105, 105, '4 meter'),
(106, 106, 'Hogeschool van Amsterdam'),
(107, 107, '200 km/uur'),
(108, 108, '1907'),
(109, 109, 'Robyn'),
(110, 110, '3800 meter'),
(111, 111, 'Kraker'),
(112, 112, 'Neef'),
(113, 113, 'Een gekookt ei'),
(114, 114, 'Dag'),
(115, 115, 'Tranen'),
(116, 116, 'Turkije'),
(117, 117, 'Turkije'),
(118, 118, 'Cement en grind'),
(119, 119, 'Trappers'),
(120, 120, 'Tulp'),
(121, 121, 'Trollen'),
(122, 122, 'TVE'),
(123, 123, '12'),
(124, 124, 'Ledlamp'),
(125, 125, 'Groen'),
(126, 126, 'Kaars'),
(127, 127, 'Leraar'),
(128, 128, '2, 3 en 5'),
(129, 129, '12'),
(130, 130, 'Ongeveer 45km/uur'),
(131, 131, 'Travestieshow'),
(132, 132, '40'),
(133, 133, '3.000 meter '),
(134, 134, 'Infra Rood'),
(135, 135, '1992'),
(136, 136, 'Very important person'),
(137, 137, '4'),
(138, 138, 'Olifant'),
(139, 139, 'Platina bruiloft'),
(140, 140, '169'),
(141, 141, 'Verkoudheid'),
(142, 142, 'Wegenbelasting'),
(143, 143, 'Kalium'),
(144, 144, '270'),
(145, 145, 'Vasten'),
(146, 146, '2'),
(147, 147, '10'),
(148, 148, 'Short Message Service'),
(149, 149, 'Union jack'),
(150, 150, 'Schip'),
(151, 151, '11'),
(152, 152, 'F'),
(153, 153, 'Helium'),
(154, 154, 'F'),
(155, 155, 'Vliegbrevet'),
(156, 156, 'Feliz Navidad '),
(157, 157, 'Vorstendom'),
(158, 158, 'Wisselspanning'),
(159, 159, '7'),
(160, 160, 'Ziekenhuis'),
(161, 161, 'Zebraklok'),
(162, 162, '16'),
(163, 163, 'Frequentiemodulatie'),
(164, 164, 'K'),
(165, 165, 'Nokia'),
(166, 166, 'Finland'),
(167, 167, 'H2O'),
(168, 168, '30 minuten'),
(169, 169, 'Volendam'),
(170, 170, 'This is it'),
(171, 171, 'Nee'),
(172, 172, 'Ja'),
(173, 173, 'Ja'),
(174, 174, 'Ja'),
(175, 175, 'Nee'),
(176, 176, 'Nee'),
(177, 177, 'Nee'),
(178, 178, 'Nee'),
(179, 179, 'Ja'),
(180, 180, 'Nee'),
(181, 181, 'Nee'),
(182, 182, 'Nee'),
(183, 183, 'Nee'),
(184, 184, 'Ja'),
(185, 185, 'Nee'),
(186, 186, 'Nee'),
(187, 187, 'Nee'),
(188, 188, 'Ja'),
(189, 189, 'Nee'),
(190, 190, 'Nee'),
(191, 191, 'Ja'),
(192, 192, 'Ja'),
(193, 193, 'Ja'),
(194, 194, 'Ja'),
(195, 195, 'Ja'),
(196, 196, 'Nee'),
(197, 197, 'Ja'),
(198, 198, 'Ja'),
(199, 199, 'Ja'),
(200, 200, 'Ja'),
(201, 201, 'Ja'),
(202, 202, 'Ja'),
(203, 203, 'Ja'),
(204, 204, 'Nee'),
(205, 205, 'Ja'),
(206, 206, 'Ja'),
(207, 207, 'Ja'),
(208, 208, 'Ja'),
(209, 209, 'Ja'),
(210, 210, 'Ja'),
(211, 211, 'Ja'),
(212, 212, 'Nee'),
(213, 213, 'Ja'),
(214, 214, 'Nee'),
(215, 215, 'Nee'),
(216, 216, 'Nee'),
(217, 217, 'Ja'),
(218, 218, 'Ja'),
(219, 219, 'Nee'),
(220, 220, 'Ja'),
(221, 221, 'Ja'),
(222, 222, 'Nee'),
(223, 223, 'Nee'),
(224, 224, 'Nee'),
(225, 225, 'Ja'),
(226, 226, 'Ja'),
(227, 227, 'Nee'),
(228, 228, 'Ja'),
(229, 229, 'Nee'),
(230, 230, 'Nee'),
(231, 231, 'Ja'),
(232, 232, 'Ja'),
(233, 233, 'Ja'),
(234, 234, 'Nee'),
(235, 235, 'Nee'),
(236, 236, 'Ja'),
(237, 237, 'Ja'),
(238, 238, 'Ja'),
(239, 239, 'Nee'),
(240, 240, 'Ja'),
(241, 241, 'Nee'),
(242, 242, 'Ja'),
(243, 243, 'Ja'),
(244, 244, 'Nee'),
(245, 245, 'Ja'),
(246, 246, 'Ja'),
(247, 247, 'Ja'),
(248, 248, 'Nee'),
(249, 249, 'Nee'),
(250, 250, 'Ja'),
(251, 251, 'Ja'),
(252, 252, 'Nee'),
(253, 253, 'Nee'),
(254, 254, 'Nee'),
(255, 255, 'Ja'),
(256, 256, 'Nee'),
(257, 257, 'Ja'),
(258, 258, 'Nee'),
(259, 259, 'Nee'),
(260, 260, 'Ja'),
(261, 261, 'Nee'),
(262, 262, 'Ja'),
(263, 263, 'Ja'),
(264, 264, 'Nee'),
(265, 265, 'Ja'),
(266, 266, 'Ja'),
(267, 267, 'Nee'),
(268, 268, 'Nee'),
(269, 269, 'Nee'),
(270, 270, 'Nee'),
(271, 271, 'Ja'),
(272, 272, 'Nee'),
(273, 273, 'Ja'),
(274, 274, 'Nee'),
(275, 275, 'Ja'),
(276, 276, 'Ja'),
(277, 277, 'Ja'),
(278, 278, 'Nee'),
(279, 279, 'Ja'),
(280, 280, 'Ja'),
(281, 281, 'Nee'),
(282, 282, 'Nee');

-- --------------------------------------------------------

--
-- Table structure for table `wronganswer`
--
-- Creation: Jun 07, 2015 at 09:54 PM
--

CREATE TABLE IF NOT EXISTS `wronganswer` (
  `QuestionId` int(9) NOT NULL,
  `WrongAnswerId` int(25) NOT NULL DEFAULT '0',
  `WrongAnswer` varchar(255) DEFAULT NULL
) ENGINE=InnoDB DEFAULT CHARSET=utf8;

--
-- RELATIONS FOR TABLE `wronganswer`:
--   `QuestionId`
--       `question` -> `QuestionId`
--

--
-- Dumping data for table `wronganswer`
--

INSERT INTO `wronganswer` (`QuestionId`, `WrongAnswerId`, `WrongAnswer`) VALUES
(1, 1, '1918'),
(1, 2, '1940'),
(1, 3, '1814'),
(2, 1, 'Nederland'),
(2, 2, 'Spanje'),
(2, 3, 'Brazilië'),
(3, 1, 'Cola'),
(3, 2, 'Calcium'),
(3, 3, 'Europa'),
(4, 1, 'Calcium'),
(4, 2, 'IJzer'),
(4, 3, 'Zuurstof'),
(5, 1, 'Batman'),
(5, 2, 'Willem van Oranje'),
(5, 3, 'Geen van deze antwoorden'),
(6, 1, '1900'),
(6, 2, '1868'),
(6, 3, '1970'),
(7, 1, 'Mark Rutte'),
(7, 2, 'Willem Alexander'),
(7, 3, 'Jan Peter Balkenende'),
(8, 1, 'Olifant'),
(8, 2, 'Centaur'),
(8, 3, 'Sfinx'),
(9, 1, '1939'),
(9, 2, '1967'),
(9, 3, '1819'),
(10, 1, 'Spinnen'),
(10, 2, 'Oude mensen'),
(10, 3, 'Kinderen'),
(11, 1, 'George Walker Bush'),
(11, 2, 'Barack Obama'),
(11, 3, 'John Fitzgerald Kennedy'),
(12, 1, 'Carlos Manuel Piedra'),
(12, 2, 'Fulgencio Batista'),
(12, 3, 'Osvaldo Dorticós Torrado'),
(13, 1, 'Finland'),
(13, 2, 'Noorwegen'),
(13, 3, 'Zweden'),
(14, 1, 'Istanbul'),
(14, 2, 'Izmir'),
(14, 3, 'Bursa'),
(15, 1, 'Geel'),
(15, 2, 'Groen'),
(15, 3, 'Rood'),
(16, 1, '1984'),
(16, 2, '1972'),
(16, 3, '1968'),
(17, 1, '3600'),
(17, 2, '9000'),
(17, 3, '6800'),
(18, 1, 'Lyon'),
(18, 2, 'Bordeaux'),
(18, 3, 'Marseille'),
(19, 1, '48'),
(19, 2, '140'),
(19, 3, '32'),
(20, 1, 'twee'),
(20, 2, 'drie'),
(20, 3, 'geen'),
(21, 1, '1678'),
(21, 2, '1548'),
(21, 3, '1708'),
(22, 1, '2004'),
(22, 2, '1995'),
(22, 3, '2012'),
(23, 1, '4'),
(23, 2, '6'),
(23, 3, '10'),
(24, 1, 'Pluto'),
(24, 2, 'Aarde'),
(24, 3, 'Mars'),
(25, 1, 'Duitsland'),
(25, 2, 'Zweden'),
(25, 3, 'Engeland'),
(26, 1, '1.000'),
(26, 2, '1.000.000.000'),
(26, 3, '100.000'),
(27, 1, '14 januari'),
(27, 2, '14 maart'),
(27, 3, '14 april'),
(28, 1, '25 december'),
(28, 2, '24 december'),
(28, 3, '1 januari'),
(29, 1, 'Graphical User Injection'),
(29, 2, 'Graphic Universal Interface'),
(29, 3, 'Graphic Unit Injection'),
(30, 1, 'Bas'),
(30, 2, 'Boris'),
(30, 3, 'Brian'),
(31, 1, '60 minuten'),
(31, 2, '120 minuten'),
(31, 3, '80 minuten'),
(32, 1, 'Kibo'),
(32, 2, 'Mount Everest'),
(32, 3, 'Mons Huygens'),
(33, 1, '183'),
(33, 2, '188'),
(33, 3, '203'),
(34, 1, 'Appie Heijn'),
(34, 2, 'Albert Hoofd'),
(34, 3, 'Albert Hobby'),
(35, 1, 'ongeveer 100.000 km²'),
(35, 2, 'ongeveer 1.000.000 km² '),
(35, 3, 'ongeveer 1.000.000.000.000 km²'),
(36, 1, '± 1.635 meter'),
(36, 2, '± 583 meter'),
(36, 3, '± 28.862 meter'),
(37, 1, '1.400.000 km²'),
(37, 2, '140.000 km²'),
(37, 3, '140.000.000 km²'),
(38, 1, '911'),
(38, 2, '122'),
(38, 3, '211'),
(39, 1, 'Vork'),
(39, 2, 'Mes'),
(39, 3, 'Geen bestek'),
(40, 1, 'New York'),
(40, 2, 'Singapore'),
(40, 3, 'Dubai'),
(41, 1, '20'),
(41, 2, '22'),
(41, 3, '16'),
(42, 1, 'Groningen'),
(42, 2, 'Gelderland'),
(42, 3, 'Drenthe'),
(43, 1, 'Grootmoeder'),
(43, 2, 'Overgrootoma'),
(43, 3, 'Overovergrootmoeder'),
(44, 1, 'Blauw'),
(44, 2, 'Paars'),
(44, 3, 'Oranje'),
(45, 1, 'IXX'),
(45, 2, 'DII'),
(45, 3, 'MII'),
(46, 1, 'Juni en juli'),
(46, 2, 'Augustus en september'),
(46, 3, 'Juli en december'),
(47, 1, '1739'),
(47, 2, '1839'),
(47, 3, '1889'),
(48, 1, 'Italië'),
(48, 2, 'België'),
(48, 3, 'Duitsland'),
(49, 1, 'Raki'),
(49, 2, 'Sambuca'),
(49, 3, 'Absint'),
(50, 1, 'Italië'),
(50, 2, 'Spanje'),
(50, 3, 'Portugal'),
(51, 1, 'Spanje'),
(51, 2, 'Frankrijk'),
(51, 3, 'Portugal'),
(52, 1, 'Amerika'),
(52, 2, 'Indonesië'),
(52, 3, 'Europa'),
(53, 1, 'Van Gogh'),
(53, 2, 'Picasso'),
(53, 3, 'Da Vinci'),
(54, 1, 'Sevilla'),
(54, 2, 'Madrid'),
(54, 3, 'Granada'),
(55, 1, 'Zimbabwe'),
(55, 2, 'Nigeria'),
(55, 3, 'Togo'),
(56, 1, 'Alexander Graham Bell'),
(56, 2, 'Isaac Newton'),
(56, 3, 'Albert Einstein'),
(57, 1, 'Turkije'),
(57, 2, 'Spanje'),
(57, 3, 'Hongarije'),
(58, 1, '42'),
(58, 2, '22'),
(58, 3, '28'),
(59, 1, '1979'),
(59, 2, '1929'),
(59, 3, '1999'),
(60, 1, 'Feyenoord'),
(60, 2, 'PSV'),
(60, 3, 'ADO den Haag'),
(61, 1, '60 minuten'),
(61, 2, '90 minuten'),
(61, 3, '100 minuten'),
(62, 1, '1918'),
(62, 2, '1937'),
(62, 3, '1893'),
(63, 1, '19 augustus'),
(63, 2, '31 januari'),
(63, 3, '5 mei'),
(64, 1, 'Schotland'),
(64, 2, 'Polen'),
(64, 3, 'Noord-Ierland'),
(65, 1, 'Kopenhagen'),
(65, 2, 'Stockholm'),
(65, 3, 'Oslo'),
(66, 1, 'Geen land'),
(66, 2, 'Portugal'),
(66, 3, 'België'),
(67, 1, '6'),
(67, 2, '4'),
(67, 3, '7'),
(68, 1, 'Madrid'),
(68, 2, 'Palermo'),
(68, 3, 'Parijs'),
(69, 1, 'Slapen'),
(69, 2, 'Zand eten'),
(69, 3, 'Inkt spuiten'),
(70, 1, '6'),
(70, 2, '4'),
(70, 3, '8'),
(71, 1, '2'),
(71, 2, '22'),
(71, 3, '19'),
(72, 1, 'Hij kan groeien'),
(72, 2, 'Hij kan krimpen'),
(72, 3, 'Hij kan grote dieren opeten'),
(73, 1, '8'),
(73, 2, '3'),
(73, 3, '10'),
(74, 1, 'No-eat'),
(74, 2, 'Not-eatable'),
(74, 3, 'Not-healthy'),
(75, 1, 'Gelaat'),
(75, 2, 'Nagel'),
(75, 3, 'Geloof'),
(76, 1, '2000'),
(76, 2, '1999'),
(76, 3, '2005'),
(77, 1, '367 meter'),
(77, 2, '456 meter'),
(77, 3, '296 meter'),
(78, 1, '280 meter'),
(78, 2, '428 meter'),
(78, 3, '196 meter'),
(79, 1, 'Shanghai Toren (China)'),
(79, 2, 'Eiffel Toren (Frankrijk)'),
(79, 3, 'One World Trade Center (Verenigde Staten)'),
(80, 1, '2600 jaar geleden'),
(80, 2, '12.500 jaar geleden'),
(80, 3, '6800 jaar geleden'),
(81, 1, 'Elleboog'),
(81, 2, 'Enkel'),
(81, 3, 'Heup'),
(82, 1, 'Angst voor zomer'),
(82, 2, 'Angst voor familie'),
(82, 3, 'Angst voor openbaar spreken'),
(83, 1, 'Handen'),
(83, 2, 'Benen'),
(83, 3, 'Armen'),
(84, 1, 'Wit'),
(84, 2, 'Bruin'),
(84, 3, 'Grijs'),
(85, 1, '100 miljard'),
(85, 2, '100 miljoen'),
(85, 3, '50 miljoen'),
(86, 1, 'Miereneter'),
(86, 2, 'Mini olifant'),
(86, 3, 'Zeekoe'),
(87, 1, 'Leeuw'),
(87, 2, 'Cheetah'),
(87, 3, 'Anaconda'),
(88, 1, 'De Drie J''s'),
(88, 2, 'Anouk'),
(88, 3, 'Hind'),
(89, 1, 'AC Milan'),
(89, 2, 'Lazio'),
(89, 3, 'AS Roma'),
(90, 1, 'Utrecht'),
(90, 2, 'Friesland'),
(90, 3, 'Zwolle'),
(91, 1, 'Spanje'),
(91, 2, 'Colombia'),
(91, 3, 'China'),
(92, 1, 'Old Metropolis'),
(92, 2, 'Neemo'),
(92, 3, 'Niemo'),
(93, 1, 'Voetbal'),
(93, 2, 'Boksen'),
(93, 3, 'Tennis'),
(94, 1, 'Strike'),
(94, 2, 'Glitterball'),
(94, 3, 'Baggerball'),
(95, 1, 'Taekwondo'),
(95, 2, 'Kendo'),
(95, 3, 'Aikido'),
(96, 1, '1960'),
(96, 2, '1973'),
(96, 3, '1932'),
(97, 1, 'Van Gogh'),
(97, 2, 'Rembrandt van Rijn'),
(97, 3, 'Picasso'),
(98, 1, 'Brazilië'),
(98, 2, 'Chili'),
(98, 3, 'Rusland'),
(99, 1, 'Werkloosheidswet'),
(99, 2, 'Wet op de zorgtoeslag'),
(99, 3, 'Ziektewet'),
(100, 1, 'Seine'),
(100, 2, 'Rijn'),
(100, 3, 'Rhône'),
(101, 1, 'Berlijn'),
(101, 2, 'Rome'),
(101, 3, 'Parijs'),
(102, 1, 'Berlijn'),
(102, 2, 'Athene'),
(102, 3, 'Madrid'),
(103, 1, '28 meter'),
(103, 2, '86 meter'),
(103, 3, '71 meter'),
(104, 1, 'Topmuziek'),
(104, 2, 'Bestmuziek'),
(104, 3, 'Hiphop'),
(105, 1, '3 meter'),
(105, 2, '5 meter'),
(105, 3, 'Er is geen maximale hoogte'),
(106, 1, 'Hogeschool van Rotterdam'),
(106, 2, 'Universiteit van Amsterdam'),
(106, 3, 'Heating, ventilation and air conditioning'),
(107, 1, '250 km/uur'),
(107, 2, '300 km/uur'),
(107, 3, '150 km/uur'),
(108, 1, '1826'),
(108, 2, '1936'),
(108, 3, '1914'),
(109, 1, 'Rachel'),
(109, 2, 'Jane'),
(109, 3, 'Peter'),
(110, 1, '1200 meter'),
(110, 2, '7800 meter'),
(110, 3, '2700 meter'),
(111, 1, 'Inbreker'),
(111, 2, 'Asielzoeker'),
(111, 3, 'Zigeuner'),
(112, 1, 'Tante'),
(112, 2, 'Oom'),
(112, 3, 'Broer'),
(113, 1, 'Een rot ei'),
(113, 2, 'Een rauw ei'),
(113, 3, 'Allemaal even zwaar'),
(114, 1, 'Maand'),
(114, 2, 'Week'),
(114, 3, 'Jaar'),
(115, 1, 'Boeken'),
(115, 2, 'Landers op het water'),
(115, 3, 'Bloemen'),
(116, 1, 'Marokko'),
(116, 2, 'Nederland'),
(116, 3, 'Vaticaanstad'),
(117, 1, 'Marokko'),
(117, 2, 'Nederland'),
(117, 3, 'Frankrijk'),
(118, 1, 'Cement en zand'),
(118, 2, 'Grind en zand'),
(118, 3, 'Cement en aarde'),
(119, 1, 'Bagagedrager'),
(119, 2, 'Stuur'),
(119, 3, 'Stang'),
(120, 1, 'Viool'),
(120, 2, 'Roos'),
(120, 3, 'Paardenbloem'),
(121, 1, 'Pokemons'),
(121, 2, 'Dieren'),
(121, 3, 'Goblins'),
(122, 1, 'RTL'),
(122, 2, 'NOS'),
(122, 3, 'KRO'),
(123, 1, '6'),
(123, 2, '13'),
(123, 3, '11'),
(124, 1, 'Fietslamp'),
(124, 2, 'Koplamp'),
(124, 3, 'Spaarlamp'),
(125, 1, 'Blauw'),
(125, 2, 'Geel'),
(125, 3, 'Rood'),
(126, 1, 'Sigaretten'),
(126, 2, 'Chocolade'),
(126, 3, 'Auto'),
(127, 1, 'Piloot'),
(127, 2, 'Stewardess'),
(127, 3, 'Ober'),
(128, 1, '0, 1 en 2'),
(128, 2, '4, 8 en 12'),
(128, 3, '2, 5 en 7'),
(129, 1, '9'),
(129, 2, '11'),
(129, 3, '6'),
(130, 1, 'Ongeveer 100 km/uur'),
(130, 2, 'Ongeveer 5 km/uur'),
(130, 3, 'Ongeveer 75 km/uur'),
(131, 1, 'Circus'),
(131, 2, 'Talentenshow'),
(131, 3, 'Festival'),
(132, 1, '60'),
(132, 2, '55'),
(132, 3, '65'),
(133, 1, '2.000 meter'),
(133, 2, '300 meter'),
(133, 3, '30 meter'),
(134, 1, 'Inclusief Rook'),
(134, 2, 'Infra Roem'),
(134, 3, 'Inclusief Roem'),
(135, 1, '1988'),
(135, 2, '1995'),
(135, 3, '1990'),
(136, 1, 'Very imposant person'),
(136, 2, 'Vocal impressive person'),
(136, 3, 'Vosium imperium posius'),
(137, 1, '3'),
(137, 2, '5'),
(137, 3, '6'),
(138, 1, 'Goblin'),
(138, 2, 'Luipaard'),
(138, 3, 'Neushoorn'),
(139, 1, 'Jubileum'),
(139, 2, 'Gouden bruiloft'),
(139, 3, 'Zilveren bruiloft'),
(140, 1, '176'),
(140, 2, '166'),
(140, 3, '179'),
(141, 1, 'Griep'),
(141, 2, 'Rode hond'),
(141, 3, 'Hiv'),
(142, 1, 'Voertuigbelasting'),
(142, 2, 'Rijbelasting'),
(142, 3, 'Kilometerheffing'),
(143, 1, 'Paracetamol'),
(143, 2, 'Visuim perium'),
(143, 3, 'Koliant'),
(144, 1, '280'),
(144, 2, '260'),
(144, 3, '290'),
(145, 1, 'Geld geven aan de armen'),
(145, 2, 'Mediteren'),
(145, 3, 'Aanbidden van andere profeten'),
(146, 1, '3'),
(146, 2, '4'),
(146, 3, '5'),
(147, 1, '9'),
(147, 2, '8'),
(147, 3, '5'),
(148, 1, 'Super Man Service'),
(148, 2, 'Super Massage Service'),
(148, 3, 'Special Message Service'),
(149, 1, 'Jack union'),
(149, 2, 'English flag'),
(149, 3, 'Flag of freedom'),
(150, 1, 'Vliegtuig'),
(150, 2, 'Auto'),
(150, 3, 'Fiets'),
(151, 1, '12'),
(151, 2, '22'),
(151, 3, '9'),
(152, 1, 'H'),
(152, 2, 'Y'),
(152, 3, 'B'),
(153, 1, 'Neon'),
(153, 2, 'Xenon'),
(153, 3, 'Zuurstof'),
(154, 1, 'C'),
(154, 2, 'K'),
(154, 3, 'Q'),
(155, 1, 'Rijbewijs C'),
(155, 2, 'Rijbewijs B'),
(155, 3, 'Rijbewijs AM'),
(156, 1, 'Jingle bells'),
(156, 2, 'All I want for Christmas is you'),
(156, 3, 'White Christmas'),
(157, 1, 'Democratie'),
(157, 2, 'Justitie'),
(157, 3, 'Dictatuur'),
(158, 1, 'Ongelijkspanning'),
(158, 2, 'Scheefspanning'),
(158, 3, 'Negatieve spanning'),
(159, 1, '86'),
(159, 2, '6'),
(159, 3, '1'),
(160, 1, 'Hotel'),
(160, 2, 'Verblijf'),
(160, 3, 'Herberg'),
(161, 1, 'Tijdmeter'),
(161, 2, 'Wachttijdklok'),
(161, 3, 'Koekkoeksklok'),
(162, 1, '18'),
(162, 2, '12'),
(162, 3, '10'),
(163, 1, 'Fantom model'),
(163, 2, 'Frequentie model'),
(163, 3, 'Frustatieman'),
(164, 1, 'M'),
(164, 2, 'D'),
(164, 3, 'X'),
(165, 1, 'Motorola'),
(165, 2, 'Samsung'),
(165, 3, 'Windows'),
(166, 1, 'China'),
(166, 2, 'Noorwegen'),
(166, 3, 'Japan'),
(167, 1, 'O2'),
(167, 2, 'HBO'),
(167, 3, 'OH'),
(168, 1, '60 minuten'),
(168, 2, '15 minuten'),
(168, 3, '50 minuten'),
(169, 1, 'Hilversum'),
(169, 2, 'Amsterdam'),
(169, 3, 'Bloemendaal'),
(170, 1, 'Final concerts'),
(170, 2, 'The final tour'),
(170, 3, 'The last moonwalk'),
(171, 1, 'Ja'),
(171, 2, ''),
(171, 3, ''),
(172, 1, 'Nee'),
(172, 2, ''),
(172, 3, ''),
(173, 1, 'Nee'),
(173, 2, ''),
(173, 3, ''),
(174, 1, 'Nee'),
(174, 2, ''),
(174, 3, ''),
(175, 1, 'Ja'),
(175, 2, ''),
(175, 3, ''),
(176, 1, 'Ja'),
(176, 2, ''),
(176, 3, ''),
(177, 1, 'Ja'),
(177, 2, ''),
(177, 3, ''),
(178, 1, 'Ja'),
(178, 2, ''),
(178, 3, ''),
(179, 1, 'Nee'),
(179, 2, ''),
(179, 3, ''),
(180, 1, 'Ja'),
(180, 2, ''),
(180, 3, ''),
(181, 1, 'Ja'),
(181, 2, ''),
(181, 3, ''),
(182, 1, 'Ja'),
(182, 2, ''),
(182, 3, ''),
(183, 1, 'Ja'),
(183, 2, ''),
(183, 3, ''),
(184, 1, 'Nee'),
(184, 2, ''),
(184, 3, ''),
(185, 1, 'Ja'),
(185, 2, ''),
(185, 3, ''),
(186, 1, 'Ja'),
(186, 2, ''),
(186, 3, ''),
(187, 1, 'Ja'),
(187, 2, ''),
(187, 3, ''),
(188, 1, 'Nee'),
(188, 2, ''),
(188, 3, ''),
(189, 1, 'Ja'),
(189, 2, ''),
(189, 3, ''),
(190, 1, 'Ja'),
(190, 2, ''),
(190, 3, ''),
(191, 1, 'Nee'),
(191, 2, ''),
(191, 3, ''),
(192, 1, 'Nee'),
(192, 2, ''),
(192, 3, ''),
(193, 1, 'Nee'),
(193, 2, ''),
(193, 3, ''),
(194, 1, 'Nee'),
(194, 2, ''),
(194, 3, ''),
(195, 1, 'Nee'),
(195, 2, ''),
(195, 3, ''),
(196, 1, 'Ja'),
(196, 2, ''),
(196, 3, ''),
(197, 1, 'Nee'),
(197, 2, ''),
(197, 3, ''),
(198, 1, 'Nee'),
(198, 2, ''),
(198, 3, ''),
(199, 1, 'Nee'),
(199, 2, ''),
(199, 3, ''),
(200, 1, 'Nee'),
(200, 2, ''),
(200, 3, ''),
(201, 1, 'Nee'),
(201, 2, ''),
(201, 3, ''),
(202, 1, 'Nee'),
(202, 2, ''),
(202, 3, ''),
(203, 1, 'Nee'),
(203, 2, ''),
(203, 3, ''),
(204, 1, 'Ja'),
(204, 2, ''),
(204, 3, ''),
(205, 1, 'Nee'),
(205, 2, ''),
(205, 3, ''),
(206, 1, 'Nee'),
(206, 2, ''),
(206, 3, ''),
(207, 1, 'Nee'),
(207, 2, ''),
(207, 3, ''),
(208, 1, 'Nee'),
(208, 2, ''),
(208, 3, ''),
(209, 1, 'Nee'),
(209, 2, ''),
(209, 3, ''),
(210, 1, 'Nee'),
(210, 2, ''),
(210, 3, ''),
(211, 1, 'Nee'),
(211, 2, ''),
(211, 3, ''),
(212, 1, 'Ja'),
(212, 2, ''),
(212, 3, ''),
(213, 1, 'Nee'),
(213, 2, ''),
(213, 3, ''),
(214, 1, 'Ja'),
(214, 2, ''),
(214, 3, ''),
(215, 1, 'Ja'),
(215, 2, ''),
(215, 3, ''),
(216, 1, 'Ja'),
(216, 2, ''),
(216, 3, ''),
(217, 1, 'Nee'),
(217, 2, ''),
(217, 3, ''),
(218, 1, 'Nee'),
(218, 2, ''),
(218, 3, ''),
(219, 1, 'Ja'),
(219, 2, ''),
(219, 3, ''),
(220, 1, 'Nee'),
(220, 2, ''),
(220, 3, ''),
(221, 1, 'Nee'),
(221, 2, ''),
(221, 3, ''),
(222, 1, 'Ja'),
(222, 2, ''),
(222, 3, ''),
(223, 1, 'Ja'),
(223, 2, ''),
(223, 3, ''),
(224, 1, 'Ja'),
(224, 2, ''),
(224, 3, ''),
(225, 1, 'Nee'),
(225, 2, ''),
(225, 3, ''),
(226, 1, 'Nee'),
(226, 2, ''),
(226, 3, ''),
(227, 1, 'Ja'),
(227, 2, ''),
(227, 3, ''),
(228, 1, 'Nee'),
(228, 2, ''),
(228, 3, ''),
(229, 1, 'Ja'),
(229, 2, ''),
(229, 3, ''),
(230, 1, 'Ja'),
(230, 2, ''),
(230, 3, ''),
(231, 1, 'Nee'),
(231, 2, ''),
(231, 3, ''),
(232, 1, 'Nee'),
(232, 2, ''),
(232, 3, ''),
(233, 1, 'Nee'),
(233, 2, ''),
(233, 3, ''),
(234, 1, 'Ja'),
(234, 2, ''),
(234, 3, ''),
(235, 1, 'Ja'),
(235, 2, ''),
(235, 3, ''),
(236, 1, 'Nee'),
(236, 2, ''),
(236, 3, ''),
(237, 1, 'Nee'),
(237, 2, ''),
(237, 3, ''),
(238, 1, 'Nee'),
(238, 2, ''),
(238, 3, ''),
(239, 1, 'Ja'),
(239, 2, ''),
(239, 3, ''),
(240, 1, 'Nee'),
(240, 2, ''),
(240, 3, ''),
(241, 1, 'Ja'),
(241, 2, ''),
(241, 3, ''),
(242, 1, 'Nee'),
(242, 2, ''),
(242, 3, ''),
(243, 1, 'Nee'),
(243, 2, ''),
(243, 3, ''),
(244, 1, 'Ja'),
(244, 2, ''),
(244, 3, ''),
(245, 1, 'Nee'),
(245, 2, ''),
(245, 3, ''),
(246, 1, 'Nee'),
(246, 2, ''),
(246, 3, ''),
(247, 1, 'Nee'),
(247, 2, ''),
(247, 3, ''),
(248, 1, 'Ja'),
(248, 2, ''),
(248, 3, ''),
(249, 1, 'Ja'),
(249, 2, ''),
(249, 3, ''),
(250, 1, 'Nee'),
(250, 2, ''),
(250, 3, ''),
(251, 1, 'Nee'),
(251, 2, ''),
(251, 3, ''),
(252, 1, 'Ja'),
(252, 2, ''),
(252, 3, ''),
(253, 1, 'Ja'),
(253, 2, ''),
(253, 3, ''),
(254, 1, 'Ja'),
(254, 2, ''),
(254, 3, ''),
(255, 1, 'Nee'),
(255, 2, ''),
(255, 3, ''),
(256, 1, 'Ja'),
(256, 2, ''),
(256, 3, ''),
(257, 1, 'Nee'),
(257, 2, ''),
(257, 3, ''),
(258, 1, 'Ja'),
(258, 2, ''),
(258, 3, ''),
(259, 1, 'Ja'),
(259, 2, ''),
(259, 3, ''),
(260, 1, 'Nee'),
(260, 2, ''),
(260, 3, ''),
(261, 1, 'Ja'),
(261, 2, ''),
(261, 3, ''),
(262, 1, 'Nee'),
(262, 2, ''),
(262, 3, ''),
(263, 1, 'Nee'),
(263, 2, ''),
(263, 3, ''),
(264, 1, 'Ja'),
(264, 2, ''),
(264, 3, ''),
(265, 1, 'Nee'),
(265, 2, ''),
(265, 3, ''),
(266, 1, 'Nee'),
(266, 2, ''),
(266, 3, ''),
(267, 1, 'Ja'),
(267, 2, ''),
(267, 3, ''),
(268, 1, 'Ja'),
(268, 2, ''),
(268, 3, ''),
(269, 1, 'Ja'),
(269, 2, ''),
(269, 3, ''),
(270, 1, 'Ja'),
(270, 2, ''),
(270, 3, ''),
(271, 1, 'Nee'),
(271, 2, ''),
(271, 3, ''),
(272, 1, 'Ja'),
(272, 2, ''),
(272, 3, ''),
(273, 1, 'Nee'),
(273, 2, ''),
(273, 3, ''),
(274, 1, 'Ja'),
(274, 2, ''),
(274, 3, ''),
(275, 1, 'Nee'),
(275, 2, ''),
(275, 3, ''),
(276, 1, 'Nee'),
(276, 2, ''),
(276, 3, ''),
(277, 1, 'Nee'),
(277, 2, ''),
(277, 3, ''),
(278, 1, 'Ja'),
(278, 2, ''),
(278, 3, ''),
(279, 1, 'Nee'),
(279, 2, ''),
(279, 3, ''),
(280, 1, 'Nee'),
(280, 2, ''),
(280, 3, ''),
(281, 1, 'Ja'),
(281, 2, ''),
(281, 3, ''),
(282, 1, 'Ja'),
(282, 2, ''),
(282, 3, '');


--
-- Indexes for dumped tables
--

--
-- Indexes for table `highscore`
--
ALTER TABLE `highscore`
  ADD PRIMARY KEY (`HighScore`);

--
-- Indexes for table `question`
--
ALTER TABLE `question`
  ADD PRIMARY KEY (`QuestionId`),
  ADD UNIQUE KEY `Question` (`Question`);

--
-- Indexes for table `rightanswer`
--
ALTER TABLE `rightanswer`
  ADD PRIMARY KEY (`RightAnswerId`,`QuestionId`),
  ADD KEY `question_rightanswer_fk_idx` (`QuestionId`);

--
-- Indexes for table `wronganswer`
--
ALTER TABLE `wronganswer`
  ADD PRIMARY KEY (`WrongAnswerId`,`QuestionId`),
  ADD KEY `question_wronganswer_fk_idx` (`QuestionId`);

--
-- AUTO_INCREMENT for dumped tables
--

--
-- AUTO_INCREMENT for table `question`
--
ALTER TABLE `question`
  MODIFY `QuestionId` int(25) NOT NULL AUTO_INCREMENT,AUTO_INCREMENT=224;
--
-- AUTO_INCREMENT for table `rightanswer`
--
ALTER TABLE `rightanswer`
  MODIFY `QuestionId` int(25) NOT NULL AUTO_INCREMENT,AUTO_INCREMENT=224;
--
-- Constraints for dumped tables
--

--
-- Constraints for table `rightanswer`
--
ALTER TABLE `rightanswer`
  ADD CONSTRAINT `rightanswer_constraint_1` FOREIGN KEY (`QuestionId`) REFERENCES `question` (`QuestionId`) ON DELETE CASCADE ON UPDATE CASCADE;

--
-- Constraints for table `wronganswer`
--
ALTER TABLE `wronganswer`
  ADD CONSTRAINT `wronganswer_constraint_1` FOREIGN KEY (`QuestionId`) REFERENCES `question` (`QuestionId`) ON DELETE CASCADE ON UPDATE CASCADE;

/*!40101 SET CHARACTER_SET_CLIENT=@OLD_CHARACTER_SET_CLIENT */;
/*!40101 SET CHARACTER_SET_RESULTS=@OLD_CHARACTER_SET_RESULTS */;
/*!40101 SET COLLATION_CONNECTION=@OLD_COLLATION_CONNECTION */;
